word,feature_index,frequency
good,1314,759
quality,2296,683
sound,2707,622
battery,394,501
earbuds,942,470
product,2252,319
phone,2144,318
bud,498,275
use,3058,272
bass,390,257
also,253,255
feel,1158,254
price,2231,241
great,1330,237
life,1706,230
clear,614,228
like,1712,226
call,520,226
music,1928,200
case,547,198
design,836,188
performance,2133,183
audio,337,182
charging,578,181
even,1050,178
day,783,175
overall,2061,172
ear,940,172
noise,1981,171
work,3178,170
long,1735,168
one,2029,165
premium,2221,164
feature,1152,162
look,1739,162
last,1660,157
value,3071,156
time,2921,155
using,3064,152
hour,1432,150
comfortable,643,149
well,3142,138
experience,1087,136
fast,1142,135
backup,369,132
best,422,131
money,1904,129
camera,527,125
fit,1186,124
gaming,1265,122
make,1783,117
without,3171,112
excellent,1066,110
really,2346,110
anc,271,109
charge,575,107
issue,1566,106
device,848,106
listening,1723,106
connectivity,690,105
build,504,105
daily,771,99
smooth,2679,99
clarity,606,98
mic,1859,96
touch,2946,93
better,424,93
2,46,92
samsung,2511,92
low,1763,89
decent,792,88
nice,1968,87
cancellation,532,87
super,2824,86
solid,2691,85
impressive,1474,84
perfect,2129,84
app,291,82
pair,2084,81
used,3060,78
easily,957,78
control,713,78
support,2828,77
get,1284,77
around,314,76
give,1293,75
could,733,75
mode,1895,75
functionality,1252,74
still,2761,73
pairing,2086,72
strong,2782,70
display,888,69
voice,3101,69
stylish,2801,67
worth,3190,65
buy,513,65
full,1246,64
making,1784,63
vocal,3100,62
review,2461,62
latency,1665,62
go,1309,62
size,2649,62
boat,457,62
tws,2994,61
video,3087,61
compact,655,61
realme,2347,61
every,1054,60
connection,689,60
bought,470,59
offer,2016,58
reliable,2406,57
4,98,57
plus,2176,57
pro,2243,56
range,2317,56
spatial,2713,56
bluetooth,453,55
amazing,258,54
high,1405,54
volume,3103,54
3,77,54
quite,2306,54
much,1918,54
easy,958,54
point,2185,53
looking,1741,53
airdopes,232,53
working,3181,52
usage,3055,50
average,350,50
budget,499,49
dual,928,49
bo,455,49
wear,3135,48
sleek,2656,48
month,1907,47
finish,1180,47
impressed,1472,47
especially,1044,47
year,3213,47
though,2908,47
stable,2734,46
balanced,376,46
10,2,46
thing,2903,45
bad,370,45
back,364,45
come,639,44
user,3063,44
want,3115,44
purchase,2281,44
purpose,2286,43
truke,2975,43
wireless,3166,43
noisy,1982,43
week,3138,43
300,79,43
awesome,358,43
compared,660,42
watching,3128,42
brand,473,42
deep,800,42
amazon,259,42
quick,2299,42
definitely,808,42
almost,247,41
new,1964,41
note,1994,41
everyday,1055,41
little,1726,41
another,278,40
enc,999,40
1,1,40
may,1823,40
option,2040,40
say,2522,40
bit,438,39
highly,1409,39
problem,2244,39
person,2138,39
nothing,1996,39
choice,593,39
black,440,39
take,2862,38
normal,1991,38
enough,1021,37
lack,1647,37
never,1963,37
playing,2167,37
earphone,949,36
service,2578,36
session,2580,36
casual,548,36
love,1758,36
buying,515,36
ai,228,36
mobile,1893,35
fine,1176,35
single,2643,35
however,1435,35
need,1952,35
top,2941,35
hai,1347,35
right,2465,34
connected,687,34
would,3193,34
box,472,34
absolutely,174,34
powerful,2207,34
light,1709,34
recently,2357,34
screen,2533,34
truly,2976,34
two,2993,33
many,1798,33
convenient,716,33
driver,920,33
everything,1057,33
crisp,747,32
punchy,2279,32
5,116,32
medium,1832,32
workout,3182,32
purchased,2282,32
useful,3061,32
perfectly,2130,32
calling,523,32
comfort,642,32
completely,671,32
redmi,2372,32
fitting,1187,31
earbud,941,31
left,1689,31
minute,1878,31
active,196,31
large,1657,31
mega,1836,31
quickly,2300,30
show,2611,30
put,2289,30
loud,1753,30
level,1700,30
immersive,1466,30
color,632,29
heavy,1384,29
cost,728,29
genuinely,1282,29
recommended,2369,29
environment,1027,29
anyone,283,29
pretty,2227,29
notch,1993,28
speaker,2715,28
keep,1619,28
colour,633,28
lot,1751,28
worst,3189,27
stay,2752,27
rating,2328,27
customer,759,27
background,366,27
slightly,2661,27
mids,1867,27
microphone,1861,26
tested,2890,26
since,2641,26
far,1141,26
comfortably,644,26
stop,2766,26
play,2164,26
galaxy,1259,25
movie,1916,25
satisfied,2516,25
expectation,1083,25
main,1779,25
playback,2165,25
lightweight,1711,25
total,2944,25
15,27,25
enx,1029,25
find,1174,25
lover,1761,24
segment,2558,24
gunmetal,1340,24
crystal,753,24
start,2745,24
model,1896,24
think,2904,24
lag,1650,24
despite,839,24
till,2919,24
fantastic,1140,24
going,1311,23
said,2507,23
apps,309,23
sweat,2841,23
smartphone,2677,23
deliver,815,23
away,357,23
switching,2848,23
real,2342,23
durable,934,23
room,2477,23
mean,1826,23
claim,604,23
extremely,1112,23
connect,686,23
longer,1736,23
noticeable,1999,23
honestly,1422,23
okay,2026,22
enjoyable,1017,22
huge,1438,22
big,430,22
update,3039,22
u,3001,22
seamless,2541,22
waste,3124,22
fully,1248,22
taking,2864,22
recommend,2367,21
50,117,21
improved,1477,21
loose,1743,21
affordable,220,21
surprisingly,2835,21
mind,1871,21
6,132,21
major,1782,21
totally,2945,21
poor,2190,21
ca,516,20
bright,484,20
game,1261,20
feeling,1159,20
actually,198,20
mics,1862,20
night,1970,20
7,143,20
add,202,20
yes,3215,20
tried,2970,20
clearly,616,20
weight,3139,20
photo,2145,20
liked,1713,20
side,2623,20
got,1320,20
discomfort,879,20
secure,2549,20
term,2887,20
playtime,2169,20
due,929,20
must,1929,20
know,1636,19
boult,471,19
busy,511,19
ever,1053,19
laptop,1656,19
built,505,19
massive,1809,19
ensures,1023,19
setting,2582,19
leather,1685,19
expect,1081,19
carry,546,19
core,720,19
charged,576,19
durability,933,19
9,160,18
shomoy,2602,18
face,1119,18
others,2048,18
er,1039,18
simple,2636,18
response,2446,18
previous,2229,18
provides,2272,18
gym,1343,18
sharp,2592,18
extra,1108,18
story,2771,18
profile,2256,18
responsive,2449,18
people,2125,18
provide,2271,18
fall,1135,18
difference,855,18
whether,3149,18
eq,1031,18
received,2353,17
yet,3217,17
failure,1130,17
song,2701,17
let,1698,17
considering,695,17
hinge,1410,17
expected,1084,17
signature,2626,17
switch,2846,17
writing,3197,17
replacement,2426,17
multitasking,1926,17
100,3,17
happy,1361,17
coming,647,17
delivers,818,17
minimal,1875,17
someone,2695,17
properly,2265,17
delivery,819,17
13mm,20,17
first,1184,16
pod,2181,16
end,1003,16
neo,1959,16
expensive,1086,16
unique,3027,16
cut,767,16
drop,922,16
hr,1437,16
moderate,1897,16
hear,1377,16
sure,2831,16
marketing,1805,16
5g,129,16
part,2102,16
felt,1163,16
avoid,354,16
shape,2588,16
basic,387,16
available,349,16
rich,2462,16
turn,2985,16
aur,342,16
wo,3173,16
cable,517,16
try,2978,16
everyone,1056,15
already,251,15
front,1242,15
matter,1820,15
hand,1351,15
ambient,260,15
bose,467,15
tuned,2982,15
incredibly,1491,15
drain,913,15
securely,2550,15
thats,2898,15
ram,2315,15
delay,813,15
always,257,15
reason,2349,15
countless,735,15
content,708,15
task,2872,15
slight,2660,15
either,975,15
center,561,15
8,151,15
disappointing,875,15
us,3052,15
mustang,1930,15
loved,1759,15
thought,2909,15
less,1697,14
critical,750,14
jbl,1586,14
started,2746,14
defective,805,14
storage,2768,14
sometimes,2699,14
condition,682,14
suitable,2818,14
upto,3049,14
60,133,14
reasonable,2350,14
open,2034,14
final,1172,14
overpower,2066,14
block,448,14
version,3082,14
verdict,3079,14
google,1316,14
place,2157,14
fail,1126,14
mivi,1888,14
instant,1525,14
traffic,2954,14
system,2852,13
social,2686,13
heating,1383,13
joke,1592,13
instantly,1526,13
automatically,345,13
balance,375,13
accidental,181,13
except,1068,13
deal,786,13
regular,2397,13
hold,1416,13
mess,1849,13
speed,2723,13
handset,1354,13
quad,2295,13
incredible,1490,13
item,1570,13
return,2458,13
noticed,2001,13
struggle,2787,13
poorly,2192,13
class,607,13
isolation,1565,13
contact,705,13
else,985,13
lasting,1662,13
upgrade,3042,13
software,2688,13
amoled,266,13
notice,1998,13
thanks,2896,12
android,272,12
natural,1942,12
sensor,2568,12
needed,1953,12
ar,310,12
hi,1400,12
supreme,2830,12
vibrant,3085,12
stand,2738,12
dropped,923,12
area,312,12
thakay,2894,12
delivered,816,12
glow,1305,12
might,1868,12
bhalo,428,12
80,152,12
small,2673,12
customization,764,12
bhi,429,12
ecosystem,962,12
hoy,1436,12
complaint,669,12
please,2171,12
detection,845,12
blink,447,12
ebong,959,12
master,1812,12
pocket,2179,12
wearing,3137,12
damage,772,12
kora,1641,12
constantly,699,12
smoothly,2680,12
handy,1355,12
t110,2853,12
cinematic,600,12
12,11,12
hype,1445,12
tech,2879,12
although,255,12
came,526,12
able,172,12
company,657,12
forgot,1222,12
pawa,2114,12
replace,2424,11
ok,2025,11
lid,1704,11
flagship,1192,11
often,2021,11
nord,1990,11
important,1468,11
strongly,2784,11
office,2019,11
focus,1211,11
higher,1406,11
via,3083,11
per,2126,11
wise,3167,11
codec,625,11
con,676,11
clean,611,11
satisfying,2518,11
prioritize,2239,11
close,618,11
star,2743,11
warranty,3122,11
standout,2742,11
seen,2557,11
na,1937,11
ui,3004,11
reliability,2405,11
smart,2675,11
headphone,1374,11
zero,3229,11
something,2696,11
proper,2264,11
earlier,947,11
enhance,1012,11
slim,2662,11
online,2032,11
outside,2059,11
drawback,917,11
job,1590,11
outstanding,2060,11
tube,2980,11
break,476,11
charger,577,11
helpful,1391,11
output,2057,11
personally,2141,11
type,2997,11
giving,1295,11
exceeded,1063,11
broken,490,11
performs,2135,11
ion,1548,10
becomes,408,10
second,2547,10
market,1803,10
gb,1271,10
different,857,10
barely,383,10
tweaking,2989,10
tuning,2983,10
absolute,173,10
write,3196,10
listen,1721,10
scrolling,2535,10
rather,2327,10
scratch,2531,10
designed,837,10
park,2101,10
re,2335,10
whats,3146,10
travel,2963,10
sony,2702,10
bt,494,10
frequent,1237,10
treble,2968,10
detail,843,10
nirvana,1974,10
zoom,3230,10
detailed,844,10
seems,2556,10
within,3170,10
help,1389,10
defies,806,10
air,230,10
repeat,2421,10
keeping,1621,10
world,3183,10
made,1772,10
ago,225,10
morning,1909,10
period,2136,10
given,1294,10
os,2045,10
aswell,330,10
anything,284,10
run,2488,10
30,78,10
dynamic,937,10
instrument,1529,10
integration,1532,10
flawless,1198,10
action,194,10
disappointed,874,10
daylight,784,10
offering,2018,10
sensitive,2566,10
logic,1733,10
larger,1658,10
adjusting,211,10
curve,756,10
led,1688,9
sunlight,2823,9
old,2027,9
couple,736,9
later,1666,9
getting,1285,9
tag,2860,9
holy,1418,9
decided,795,9
delivering,817,9
paper,2093,9
head,1372,9
continuous,710,9
handle,1352,9
45w,107,9
track,2951,9
ah,226,9
hope,1425,9
practical,2208,9
lost,1750,9
including,1483,9
exceptional,1070,9
thank,2895,9
exchange,1072,9
distortion,897,9
multiple,1924,9
usually,3065,9
check,586,9
advertised,215,9
causing,553,9
downside,911,9
short,2606,9
speaking,2716,9
external,1107,9
dropping,924,9
drowned,925,9
initially,1509,9
ti,2916,9
age,224,9
pick,2148,9
form,1224,9
effect,967,9
complete,670,9
watch,3126,9
care,542,9
reality,2345,9
blue,452,9
70h,148,9
true,2974,9
70,144,9
communication,652,9
ideal,1451,9
capture,538,9
policy,2187,9
water,3129,9
silicone,2631,8
engaging,1006,8
jet,1587,8
ek,976,8
dyno,938,8
rate,2325,8
hardcore,1364,8
insult,1530,8
death,788,8
equalizer,1034,8
sit,2645,8
instacharge,1520,8
honest,1421,8
dolby,902,8
running,2489,8
insane,1514,8
function,1250,8
resolution,2441,8
purchasing,2283,8
putting,2290,8
resistance,2440,8
gamers,1264,8
sturdy,2798,8
dialogue,852,8
save,2519,8
idea,1450,8
kind,1631,8
impossible,1470,8
gesture,1283,8
impress,1471,8
dissatisfaction,892,8
set,2581,8
sanity,2513,8
dizo,899,8
favorite,1148,8
dog,901,8
quiet,2301,8
faced,1120,8
extreme,1111,8
recommendation,2368,8
processor,2249,8
summary,2821,8
tiny,2925,8
matte,1819,8
moment,1903,8
xiaomi,3205,8
bulky,506,8
apart,288,8
1st,45,8
mark,1802,8
multipoint,1925,8
2025,53,8
conclusion,681,8
allowing,245,8
likely,1714,8
capability,536,8
competitive,667,8
worry,3186,8
toy,2950,8
paired,2085,8
wobble,3174,8
teammate,2878,8
peace,2119,8
prepare,2222,8
accepted,179,8
became,405,8
next,1966,8
non,1985,8
party,2106,8
90,161,8
nightclub,1971,8
way,3132,8
closing,620,8
maximum,1822,8
x,3200,8
lose,1746,8
laughable,1668,8
picture,2150,8
missing,1883,8
pls,2175,8
ldac,1676,8
mixed,1890,8
boost,464,8
twice,2991,8
bgmi,426,8
superb,2825,8
15r,31,8
beyond,425,7
mainly,1780,7
five,1189,7
seeing,2552,7
kaafi,1607,7
benefit,421,7
across,191,7
nearly,1947,7
trust,2977,7
presets,2224,7
flaw,1196,7
chance,571,7
evening,1051,7
see,2551,7
forced,1216,7
meter,1856,7
beast,400,7
distorted,896,7
etc,1048,7
found,1227,7
ipx4,1555,7
dont,904,7
lower,1764,7
checked,587,7
doubt,906,7
basically,388,7
newly,1965,7
cheap,583,7
plastic,2162,7
advise,216,7
snugly,2685,7
mesh,1848,7
pop,2193,7
attractive,336,7
indoors,1501,7
unfortunately,3023,7
significantly,2628,7
effort,971,7
effortlessly,973,7
phenomenal,2143,7
muffled,1921,7
unless,3029,7
unresponsive,3034,7
inside,1517,7
maybe,1824,7
extended,1103,7
regret,2396,7
edm,966,7
increase,1488,7
enjoy,1016,7
uncomfortable,3016,7
dust,935,7
asked,318,7
airdrop,233,7
improvement,1478,7
power,2206,7
airpods,234,7
miss,1882,7
classy,610,7
instead,1527,7
today,2931,7
cancelling,533,7
positive,2200,7
audiophile,339,7
several,2585,7
affected,219,7
ke,1617,7
height,1385,7
style,2800,7
sync,2850,7
professional,2254,7
commute,653,7
141,22,7
promise,2258,7
companion,656,7
crazy,744,7
guess,1337,7
lifesaver,1707,7
ordered,2042,7
cool,719,7
pain,2082,7
gladly,1297,7
wrong,3199,7
process,2245,7
learning,1683,7
result,2454,7
compromise,674,7
cover,737,7
survive,2839,7
wired,3165,7
owned,2070,7
hard,1363,7
curved,757,7
opening,2036,7
date,781,7
gon,1313,7
frustrating,1243,7
opened,2035,7
disconnect,880,7
launched,1669,7
punch,2277,7
custom,758,7
lite,1724,7
whole,3153,7
consistently,697,7
optimization,2039,7
technology,2881,7
half,1349,7
confidently,683,7
45,103,7
modern,1899,6
shutdown,2619,6
package,2077,6
grabbed,1323,6
rushing,2492,6
asap,317,6
richer,2463,6
photography,2146,6
refund,2388,6
extensive,1105,6
arrived,315,6
updated,3040,6
grail,1324,6
nite,1976,6
assistant,324,6
rs,2485,6
handling,1353,6
metric,1857,6
overwhelming,2069,6
twsfeatures,2995,6
128,14,6
based,386,6
bangalore,381,6
balcony,378,6
halfway,1350,6
baire,374,6
ultra,3006,6
hardware,1367,6
heat,1381,6
internal,1538,6
unacceptable,3008,6
b,361,6
darun,778,6
exceptionally,1071,6
simply,2638,6
headache,1373,6
updating,3041,6
oth,2047,6
grave,1328,6
hearing,1379,6
yr,3221,6
annoying,277,6
shot,2608,6
focused,1212,6
hit,1413,6
3d,91,6
actual,197,6
gave,1270,6
oboshshoi,2007,6
number,2006,6
wait,3105,6
walking,3109,6
idle,1453,6
40,99,6
according,183,6
fluff,1209,6
40ms,101,6
pant,2092,6
wonder,3175,6
noticeably,2000,6
windy,3163,6
50h,121,6
paren,2098,6
functional,1251,6
forget,1221,6
warning,3121,6
seamlessly,2542,6
65ms,140,6
nitpick,1977,6
free,1234,6
frequently,1238,6
nightmare,1972,6
360,90,6
additional,206,6
held,1386,6
removing,2416,6
1800,38,6
indicator,1497,6
packaging,2078,6
oneplus,2031,6
howar,1434,6
falling,1136,6
increased,1489,6
200mp,50,6
useless,3062,6
ami,264,6
fatty,1145,6
glass,1299,6
inconsistent,1486,6
safety,2506,6
highlight,1407,6
alone,248,6
allows,246,6
feedback,1157,6
219,57,6
fell,1160,6
felled,1161,6
algorithm,239,6
24,61,6
restart,2451,6
perform,2131,6
ois,2024,6
finding,1175,6
ghontar,1286,6
bebohar,404,6
avail,347,6
khub,1625,6
die,853,6
kichudin,1628,6
effective,968,6
compare,659,6
stopped,2767,6
knocked,1635,6
massively,1810,6
ei,974,6
prefer,2218,6
ekbar,977,6
eksathe,978,6
ekta,979,6
ja,1575,6
masterclass,1813,6
dhore,851,6
jay,1584,6
soft,2687,6
tara,2871,6
jara,1581,6
kono,1640,6
connecting,688,6
rave,2332,6
streaming,2776,6
khujchhen,1626,6
telephoto,2882,6
jo,1589,6
edit,964,6
dream,918,6
pray,2212,6
tip,2926,6
loving,1762,6
cheye,590,6
thinking,2905,6
theatre,2900,6
careful,543,6
capacity,537,6
chose,597,6
cinema,599,6
eardopes,945,6
randomly,2316,6
distinguish,895,6
earpods,953,6
lossless,1749,6
primary,2236,6
cafe,518,6
stat,2748,6
position,2199,6
button,512,6
street,2777,6
buds4,502,6
korchhi,1642,6
liberating,1703,6
blown,451,6
lhdc,1701,6
english,1011,6
delayed,814,6
stutter,2799,6
dekhar,811,6
blah,441,6
least,1684,6
prone,2262,6
bhabe,427,6
iqoo,1558,6
subtle,2807,6
pleasant,2170,6
decide,794,6
layered,1674,6
suggest,2814,6
customizing,766,6
melody,1839,6
k,1605,6
podcast,2182,6
constant,698,6
transparency,2958,6
depth,829,6
enco,1000,6
kothin,1643,6
nicely,1969,5
suddenly,2810,5
wanted,3116,5
rock,2474,5
x2,3201,5
stability,2733,5
occasionally,2013,5
decision,796,5
pause,2112,5
hum,1439,5
happens,1360,5
hence,1393,5
8gb,157,5
distant,894,5
dedicated,799,5
reset,2438,5
outdoors,2053,5
losing,1747,5
hang,1356,5
immediate,1464,5
specific,2720,5
driving,921,5
flawed,1197,5
three,2910,5
request,2430,5
flimsy,1205,5
debris,790,5
spend,2724,5
pressure,2226,5
providing,2273,5
hesitation,1397,5
connects,691,5
network,1962,5
sale,2508,5
standard,2739,5
disregard,890,5
gear,1272,5
status,2751,5
convenience,715,5
oppo,2038,5
step,2757,5
stereo,2759,5
controlled,714,5
difficult,859,5
command,648,5
comparison,663,5
continuously,711,5
rest,2450,5
team,2877,5
t310,2856,5
occasional,2012,5
saying,2523,5
load,1730,5
student,2791,5
starting,2747,5
weak,3133,5
storm,2770,5
passive,2108,5
testing,2891,5
prime,2237,5
looked,1740,5
default,802,5
20,47,5
heard,1378,5
compatibility,664,5
glitchy,1302,5
consider,693,5
4k,114,5
paid,2081,5
disaster,876,5
become,407,5
facing,1122,5
faint,1131,5
applicable,300,5
upgraded,3043,5
rely,2408,5
adaptive,201,5
remain,2409,5
personal,2139,5
india,1492,5
took,2939,5
muddy,1920,5
brightness,485,5
fan,1138,5
performed,2134,5
called,521,5
utterly,3066,5
fatigue,1144,5
marketed,1804,5
faulty,1147,5
altogether,256,5
shorted,2607,5
asking,319,5
along,249,5
aware,356,5
error,1042,5
tune,2981,5
iphone,1553,5
begin,412,5
metal,1854,5
middle,1864,5
smaller,2674,5
bike,433,5
unbearable,3012,5
refuse,2390,5
body,458,5
silence,2629,5
podcasts,2183,5
unhelpful,3024,5
bother,468,5
significant,2627,5
snapdragon,2682,5
shut,2618,5
variant,3074,5
needing,1954,5
impression,1473,5
cardboard,541,5
finally,1173,5
serious,2576,5
improve,1476,5
visit,3094,5
visuals,3098,5
vivo,3099,5
justify,1603,5
seriously,2577,5
vibe,3084,5
penny,2124,5
sensitivity,2567,5
nearby,1946,5
percentage,2128,5
ip55,1550,4
lens,1696,4
minor,1877,4
pin,2154,4
plan,2161,4
reduction,2377,4
reconnect,2370,4
lacking,1649,4
ranging,2318,4
pierce,2153,4
pm,2178,4
pleasure,2173,4
liability,1702,4
raid,2311,4
piece,2152,4
reached,2337,4
meeting,1835,4
picked,2149,4
herculean,1394,4
neither,1958,4
iems,1454,4
mmo,1892,4
reading,2341,4
original,2044,4
learn,1682,4
interruption,1542,4
overheat,2064,4
rocker,2475,4
ip69k,1552,4
overblown,2062,4
outright,2058,4
repeatedly,2423,4
playlist,2168,4
protection,2267,4
metro,1858,4
layer,1673,4
outer,2054,4
harder,1365,4
magnet,1776,4
leading,1679,4
imagine,1462,4
messy,1852,4
otherwise,2049,4
roadkill,2471,4
mid,1863,4
madman,1773,4
message,1850,4
landscape,1655,4
p4x,2075,4
narrator,1940,4
lagta,1653,4
mercury,1846,4
hey,1398,4
medieval,1831,4
refrigerator,2387,4
horrible,1429,4
remark,2412,4
require,2432,4
prank,2211,4
muting,1932,4
moving,1917,4
paradox,2095,4
marvellous,1807,4
nosedive,1992,4
respawned,2443,4
requiring,2436,4
privilege,2242,4
nonexistent,1987,4
priority,2241,4
indication,1495,4
participate,2103,4
humiliated,1441,4
potential,2204,4
horror,1430,4
jog,1591,4
jurassic,1601,4
march,1801,4
questionable,2298,4
rapid,2321,4
rendered,2417,4
juncture,1600,4
loudly,1756,4
ki,1627,4
nuance,2005,4
idk,1452,4
odd,2015,4
rattle,2331,4
mapped,1800,4
press,2225,4
preface,2217,4
race,2308,4
liking,1715,4
inr,1512,4
initiated,1510,4
polished,2188,4
meal,1825,4
jazz,1585,4
infuriating,1506,4
relaxed,2402,4
kicker,1629,4
pay,2115,4
popped,2194,4
monster,1906,4
karne,1612,4
myth,1934,4
hissing,1411,4
history,1412,4
kazoo,1616,4
qcs,2292,4
kinda,1632,4
hypersensitive,1447,4
moto,1912,4
peak,2121,4
overpowering,2067,4
conceivable,677,4
enemy,1004,4
triggering,2972,4
billion,435,4
bigger,431,4
believe,420,4
ease,956,4
behind,418,4
trying,2979,4
bedside,409,4
elephant,983,4
beautiful,402,4
battle,395,4
emit,992,4
emits,993,4
emitting,994,4
barking,384,4
blast,443,4
blend,445,4
sounding,2710,4
downright,910,4
toward,2948,4
double,905,4
brief,482,4
breathe,481,4
downloads,909,4
breath,480,4
brave,475,4
traveling,2964,4
bottom,469,4
boring,466,4
book,463,4
spec,2717,4
trapped,2962,4
space,2712,4
encountered,1002,4
energy,1005,4
static,2750,4
engine,1007,4
sitting,2646,4
assuredly,326,4
example,1062,4
excel,1065,4
assault,322,4
simultaneously,2640,4
unrecognizable,3033,4
simplify,2637,4
unusable,3038,4
approx,307,4
appreciate,302,4
siege,2624,4
appealing,295,4
shuffle,2617,4
shrill,2616,4
eternal,1049,4
skipping,2652,4
slap,2653,4
entirely,1025,4
engineer,1008,4
engineered,1009,4
engineering,1010,4
smell,2678,4
unanimous,3009,4
unbalanced,3011,4
slow,2669,4
unintended,3025,4
environmental,1028,4
availability,348,4
autotuned,346,4
understand,3018,4
ergonomic,1040,4
unfit,3022,4
standing,2741,4
stayed,2753,4
exposing,1099,4
crackle,741,4
constructed,701,4
table,2859,4
consumer,703,4
choose,594,4
t200x,2855,4
t200,2854,4
conversation,717,4
convinced,718,4
correctly,724,4
chewing,589,4
corroded,725,4
checking,588,4
switched,2847,4
chatter,582,4
counterintuitive,734,4
claimed,605,4
classical,609,4
concept,678,4
coffee,627,4
comedy,640,4
comfy,645,4
combination,635,4
comical,646,4
communicate,651,4
teal,2876,4
testament,2889,4
roughly,2479,4
coating,624,4
textbook,2892,4
closed,619,4
clock,617,4
complains,668,4
cleared,615,4
challenge,569,4
crash,742,4
directly,868,4
thus,2915,4
toddler,2932,4
together,2933,4
campfire,528,4
stunning,2797,4
burnt,510,4
stress,2779,4
stream,2775,4
buried,508,4
tooth,2940,4
devoid,849,4
differ,854,4
bucket,497,4
browsing,493,4
steer,2755,4
steal,2754,4
defeat,803,4
card,540,4
dealing,787,4
tin,2923,4
creak,745,4
certain,563,4
surprised,2833,4
supposed,2829,4
customisable,760,4
cement,559,4
tinny,2924,4
titan,2928,4
customize,765,4
cutting,768,4
damaged,774,4
dangerous,776,4
category,551,4
catching,550,4
answering,280,4
audiobooks,338,4
semi,2563,4
flew,1201,4
86,156,4
watched,3127,4
flat,1195,4
genuine,1281,4
screaming,2532,4
genre,1280,4
wasted,3125,4
ability,171,4
abysmal,175,4
wan,3113,4
1k,44,4
fundamentally,1254,4
sens,2564,4
sadistic,2503,4
4g,112,4
1997,42,4
1993,41,4
xms,3208,4
accross,185,4
16k,35,4
sent,2569,4
ye,3211,4
sentence,2570,4
separate,2571,4
satisfactory,2515,4
x50,3202,4
85,155,4
s24,2496,4
flight,1204,4
seal,2538,4
25db,67,4
256gb,66,4
255,64,4
2300,59,4
seam,2540,4
fragile,1230,4
fps,1229,4
searched,2543,4
whistle,3151,4
fridge,1239,4
whine,3150,4
friend,1240,4
51db,125,4
friendly,1241,4
wheeler,3147,4
secondary,2548,4
sd,2536,4
salvaged,2510,4
global,1303,4
65,138,4
wearable,3136,4
footstep,1215,4
7hz,150,4
seemed,2554,4
freefire,1235,4
16,33,4
acha,187,4
garbled,1269,4
sheer,2596,4
shoddily,2601,4
afraid,221,4
guitar,1338,4
wish,3168,4
shooter,2603,4
vision,3093,4
visible,3091,4
fabulous,1118,4
aidopes,229,4
gunfire,1339,4
108mp,6,4
grinning,1335,4
shotgun,2609,4
akin,238,4
rugged,2486,4
41,102,4
vector,3078,4
3yrs,97,4
3r,94,4
routine,2483,4
extends,1104,4
showed,2612,4
hain,1348,4
sequel,2574,4
120,12,4
120hz,13,4
severe,2586,4
gopods,1318,4
15x,32,4
yeah,3212,4
yeh,3214,4
ad,199,4
adapter,200,4
rushed,2491,4
win,3161,4
scene,2530,4
g,1257,4
advantage,214,4
setup,2584,4
address,208,4
grating,1327,4
gravel,1329,4
adjustment,212,4
advanced,213,4
shatter,2594,4
grill,1334,4
white,3152,4
manage,1788,3
worked,3180,3
25k,68,3
worn,3184,3
paning,2091,3
wonderful,3176,3
official,2020,3
precise,2214,3
vadodara,3067,3
mah,1778,3
previously,2230,3
overfilled,2063,3
collecting,630,3
র,3246,3
collect,629,3
test,2888,3
10k,7,3
11,8,3
13,19,3
texture,2893,3
classic,608,3
z,3222,3
louder,1754,3
citing,601,3
certainly,564,3
order,2041,3
thoda,2906,3
chat,580,3
title,2930,3
charm,579,3
changing,573,3
change,572,3
preserve,2223,3
throughout,2912,3
luxurious,1770,3
written,3198,3
wrinkly,3195,3
car,539,3
max,1821,3
manually,1795,3
pixel,2156,3
pictured,2151,3
adjust,209,3
august,341,3
mishra,1880,3
visually,3097,3
uncomfort,3015,3
added,203,3
neckband,1950,3
3rd,95,3
waiting,3106,3
plagued,2160,3
awsome,360,3
negative,1956,3
baar,362,3
paying,2116,3
min,1870,3
ten,2884,3
attention,335,3
atmos,331,3
asthetic,327,3
usable,3054,3
muddled,1919,3
anyway,286,3
vary,3077,3
anywhere,287,3
movement,1915,3
motorola,1913,3
appearance,297,3
apple,299,3
mono,1905,3
application,301,3
n2,1936,3
aspect,321,3
aesthetic,217,3
name,1939,3
bag,372,3
ufs,3002,3
typical,2998,3
touted,2947,3
material,1817,3
match,1815,3
torq,2943,3
buck,496,3
4gb,113,3
buds3,501,3
bullet,507,3
45ms,106,3
buyer,514,3
café,519,3
caller,522,3
tone,2938,3
told,2936,3
45mins,105,3
notification,2002,3
brother,491,3
anatomy,270,3
wall,3110,3
50k,122,3
accidentally,182,3
base,385,3
accessory,180,3
beam,399,3
beginning,415,3
behavior,416,3
900,162,3
pathetic,2110,3
bohot,460,3
bonus,462,3
meet,1834,3
partner,2105,3
traditional,2953,3
meaning,1827,3
breaking,479,3
combine,636,3
rough,2478,3
tell,2883,3
email,988,3
eartips,954,3
rare,2323,3
se,2537,3
effortless,972,3
solved,2694,3
sold,2689,3
forest,1219,3
ford,1217,3
future,1255,3
hz,1448,3
seeking,2553,3
realised,2344,3
reported,2429,3
report,2428,3
im,1460,3
receive,2352,3
respond,2445,3
earburd,944,3
detaching,842,3
quility,2303,3
sticker,2760,3
general,1276,3
gen,1275,3
ssc,2732,3
done,903,3
ho,1415,3
gamer,1263,3
quilty,2304,3
earbudsand,943,3
home,1419,3
responsibility,2447,3
specially,2719,3
individual,1500,3
duo,930,3
jyada,1604,3
hood,1424,3
replaced,2425,3
receives,2354,3
slipping,2667,3
shown,2614,3
instagram,1521,3
improves,1479,3
shutting,2621,3
include,1481,3
shuts,2620,3
repair,2419,3
regarding,2394,3
sharing,2590,3
fixing,1191,3
fair,1132,3
information,1505,3
extracted,1110,3
indian,1493,3
remains,2411,3
factor,1124,3
ezz,1115,3
fi,1166,3
refresh,2385,3
file,1168,3
silver,2633,3
recharge,2360,3
recieved,2362,3
internet,1541,3
sense,2565,3
skeleton,2651,3
interface,1537,3
importantly,1469,3
reduced,2374,3
finishing,1181,3
simultaneous,2639,3
separation,2572,3
filled,1169,3
similar,2635,3
reel,2378,3
sim,2634,3
generally,1277,3
scenario,2529,3
talking,2867,3
currently,755,3
goboult,1310,3
returned,2460,3
gpt,1321,3
hd,1371,3
deta,841,3
suggestion,2815,3
ruin,2487,3
glued,1308,3
tank,2869,3
promptly,2261,3
glitch,1300,3
lasted,1661,3
concerning,680,3
s1,2493,3
costly,732,3
data,780,3
safe,2504,3
green,1332,3
customizable,763,3
glue,1307,3
productsrewrite,2253,3
superior,2826,3
pure,2284,3
leakage,1681,3
live,1727,3
description,832,3
purse,2287,3
comment,650,3
guy,1342,3
coz,739,3
satisfaction,2514,3
crack,740,3
restarted,2452,3
demand,820,3
compelling,666,3
liquid,1720,3
robust,2473,3
link,1718,3
degree,809,3
subjective,2802,3
gimmick,1292,3
liye,1728,3
p,2072,2
repeated,2422,2
riding,2464,2
youre,3219,2
wallet,3111,2
s23,2495,2
worried,3185,2
oxygen,2071,2
rigorous,2467,2
শ,3248,2
routinely,2484,2
shave,2595,2
share,2589,2
visiting,3096,2
remarkably,2413,2
shading,2587,2
series,2575,2
ন,3239,2
z10x,3224,2
repairability,2420,2
pe,2118,2
overspending,2068,2
wajah,3107,2
rigid,2466,2
zen,3227,2
z11x,3225,2
paywall,2117,2
walt,3112,2
y1,3209,2
selling,2562,2
wider,3157,2
resolved,2442,2
packed,2079,2
wil,3160,2
par,2094,2
safely,2505,2
packing,2080,2
wind,3162,2
retaining,2456,2
wow,3194,2
worthy,3192,2
wire,3164,2
restriction,2453,2
scarch,2528,2
responsibly,2448,2
sane,2512,2
worrying,3187,2
panel,2090,2
satisfy,2517,2
wont,3177,2
workday,3179,2
painful,2083,2
wife,3159,2
rethink,2457,2
seller,2561,2
sealed,2539,2
wannabe,3114,2
pack,2076,2
s26,2498,2
war,3117,2
saath,2499,2
replying,2427,2
seemingly,2555,2
past,2109,2
xiomi,3206,2
weaker,3134,2
requested,2431,2
returnable,2459,2
weightless,3140,2
west,3144,2
particular,2104,2
wh,3145,2
x8,3203,2
whenever,3148,2
requires,2435,2
searching,2544,2
research,2437,2
shop,2604,2
unsure,3037,2
visibility,3090,2
suit,2817,2
suggests,2816,2
tired,2927,2
sufficent,2812,2
successful,2808,2
submersion,2803,2
post,2203,2
punchiness,2278,2
possibly,2202,2
possible,2201,2
toggle,2934,2
stuff,2796,2
studyin,2794,2
stuck,2790,2
stronger,2783,2
stotage,2772,2
stolen,2764,2
qoo,2293,2
stepping,2758,2
qooreason,2294,2
statement,2749,2
polite,2189,2
staggering,2737,2
stack,2735,2
spotify,2730,2
split,2728,2
spent,2726,2
tracking,2952,2
quiter,2307,2
spending,2725,2
preeminent,2216,2
tilting,2920,2
raising,2314,2
proud,2269,2
tension,2886,2
principle,2238,2
taxi,2874,2
processed,2246,2
pricey,2233,2
processer,2247,2
processing,2248,2
priced,2232,2
talk,2865,2
produce,2250,2
taken,2863,2
tak,2861,2
producing,2251,2
ta,2858,2
professionalism,2255,2
prolonged,2257,2
thoroughly,2907,2
swedish,2843,2
promised,2259,2
prompt,2260,2
surroundings,2838,2
thrown,2913,2
thumping,2914,2
surrounding,2837,2
prefers,2220,2
preference,2219,2
proof,2263,2
surround,2836,2
tight,2918,2
specification,2722,2
transitioning,2957,2
performace,2132,2
slip,2664,2
slimness,2663,2
sleep,2657,2
reception,2358,2
recharges,2361,2
unit,3028,2
physical,2147,2
unlike,3030,2
reducing,2376,2
unsatisfactory,3035,2
prioritizes,2240,2
perspective,2142,2
silicon,2630,2
refined,2381,2
upgrading,3044,2
uphold,3045,2
upi,3046,2
upon,3047,2
upscale,3048,2
refurbished,2389,2
refused,2391,2
urge,3050,2
showstopper,2615,2
usability,3053,2
refusing,2392,2
showing,2613,2
varient,3075,2
shoutout,2610,2
view,3088,2
vintage,3089,2
recent,2356,2
slot,2668,2
transparent,2959,2
unbelievable,3013,2
poco,2180,2
soundstage,2711,2
tray,2965,2
sounded,2709,2
trigger,2971,2
rapido,2322,2
tron,2973,2
rarely,2324,2
soon,2704,2
soo,2703,2
somewhere,2700,2
solution,2692,2
tunning,2984,2
rated,2326,2
turned,2986,2
tv,2987,2
ratio,2329,2
snappy,2683,2
twsmy,2996,2
raw,2334,2
smoothness,2681,2
reach,2336,2
ult,3005,2
ultrawide,3007,2
read,2339,2
smartness,2676,2
slowing,2671,2
rearrange,2348,2
slower,2670,2
slippery,2666,2
0,0,2
disconnecting,881,2
automatic,344,2
iska,1563,2
fails,1129,2
contrary,712,2
apna,289,2
anytime,285,2
core2,721,2
anxiety,282,2
j,1574,2
jack,1576,2
failed,1127,2
corrective,723,2
jata,1582,2
angry,273,2
amount,269,2
among,267,2
amid,265,2
juggling,1596,2
amezing,263,2
amd,262,2
appear,296,2
irritated,1561,2
iqoo3,1559,2
consistency,696,2
audiophiles,340,2
attempting,334,2
configuration,684,2
atom,332,2
interaction,1536,2
featuring,1153,2
intuitive,1543,2
assurance,325,2
asleep,320,2
appreciated,303,2
fault,1146,2
fancy,1139,2
architectural,311,2
approximately,308,2
ip66,1551,2
approval,306,2
consumption,704,2
ipx5,1556,2
july,1597,2
eye,1114,2
exynos,1113,2
acceptable,178,2
cycle,770,2
lastly,1663,2
latest,1667,2
act,192,2
achieved,190,2
accuracy,186,2
lead,1677,2
leader,1678,2
leaving,1687,2
largest,1659,2
legal,1690,2
accept,177,2
exceeds,1064,2
dated,782,2
exactly,1061,2
leta,1699,2
db,785,2
limit,1716,2
adding,204,2
additionally,207,2
ka,1606,2
coverage,738,2
alternative,254,2
alright,252,2
kar,1609,2
express,1101,2
karna,1611,2
exposure,1100,2
karta,1613,2
allll,243,2
exploited,1096,2
laga,1651,2
alike,242,2
key,1622,2
explanation,1094,2
king,1633,2
ajusted,236,2
experienced,1088,2
cell,557,2
lacked,1648,2
concerned,679,2
complimentary,673,2
dec,791,2
avg,352,2
gap,1267,2
bring,488,2
channel,574,2
gammer,1266,2
gameing,1262,2
haveli,1370,2
chatgpt,581,2
health,1376,2
breaker,478,2
breakdown,477,2
cheaper,584,2
helmet,1388,2
chinese,591,2
fun,1249,2
hidden,1402,2
fulfilled,1245,2
frustration,1244,2
blindly,446,2
hone,1420,2
garbage,1268,2
haptics,1362,2
gem,1273,2
cancelation,531,2
caveat,555,2
glitching,1301,2
glance,1298,2
gorgeous,1319,2
careless,545,2
carefully,544,2
glad,1296,2
centre,562,2
cancel,530,2
buds2,500,2
guarantee,1336,2
guru,1341,2
certification,565,2
gifted,1289,2
gift,1288,2
ch720n,566,2
chala,568,2
hanging,1357,2
honking,1423,2
chowhan,598,2
citizen,602,2
ingres,1507,2
batter,393,2
combined,637,2
indifferent,1499,2
bassbuds,391,2
discount,882,2
bang,380,2
balancing,377,2
commuting,654,2
initial,1508,2
inconvenience,1487,2
badly,371,2
comparing,661,2
fingerprint,1178,2
baat,363,2
inspection,1518,2
insta,1519,2
compatible,665,2
avid,353,2
indicates,1494,2
fledged,1200,2
four,1228,2
foremost,1218,2
fot,1226,2
forum,1225,2
humble,1440,2
cleaner,612,2
hurt,1444,2
biggest,432,2
hyper,1446,2
iam,1449,2
begining,413,2
flexibility,1202,2
following,1213,2
image,1461,2
fluid,1210,2
codecs,626,2
implemented,1467,2
beauty,403,2
floor,1207,2
included,1482,2
limited,1717,2
l,1645,2
cellphone,558,2
negligence,1957,2
dsps,927,2
35k,89,2
35,88,2
depending,826,2
mentioned,1843,2
duopods,931,2
33w,86,2
32k,85,2
merciless,1845,2
depends,827,2
elsewhere,986,2
dyas,936,2
30fps,80,2
2s,76,2
nerd,1960,2
nit,1975,2
emotional,995,2
megapizels,1837,2
encounter,1001,2
enjoying,1019,2
enhancing,1015,2
enhances,1014,2
49db,111,2
nokia,1983,2
499,109,2
45db,104,2
meed,1833,2
40mm,100,2
12mm,18,2
dsp,926,2
enabled,998,2
14,21,2
empty,996,2
2nd,75,2
midnight,1865,2
marvel,1806,2
needless,1955,2
eco,961,2
mocha,1894,2
17,36,2
modest,1900,2
2020,51,2
moisture,1902,2
earplug,951,2
n,1935,2
myriad,1933,2
200mbps,49,2
earwax,955,2
mostky,1910,2
desigen,835,2
move,1914,2
mujhe,1922,2
1600,34,2
misunderstood,1887,2
near,1945,2
neat,1948,2
elevate,984,2
depreciates,828,2
descent,830,2
everytime,1058,2
14mm,26,2
effectiveness,970,2
deserve,833,2
edition,965,2
effectively,969,2
25,62,2
misleading,1881,2
15k,30,2
23rd,60,2
22k,58,2
enjoyment,1020,2
multimedia,1923,2
machine,1771,2
longevity,1738,2
oftent,2022,2
malfunction,1785,2
maintain,1781,2
noticable,1997,2
osm,2046,2
nowhere,2004,2
origin,2043,2
observation,2008,2
magnetic,1777,2
observe,2009,2
equally,1035,2
doubtful,907,2
dimensity,864,2
drenched,919,2
lunar,1769,2
7400,149,2
escalate,1043,2
deeply,801,2
direct,866,2
dismissive,887,2
6580m,139,2
ole,2028,2
directed,867,2
loudness,1757,2
offered,2017,2
disappoint,873,2
810h,154,2
8mp,159,2
managing,1792,2
map,1799,2
loaded,1731,2
50db,120,2
draw,916,2
discerning,877,2
ounce,2051,2
128gb,15,2
entire,1024,2
ouality,2050,2
entry,1026,2
52,126,2
6mm,142,2
management,1791,2
55db,127,2
11mm,10,2
eon,1030,2
malfunctioning,1786,2
5gi,130,2
managed,1790,2
denying,823,2
equal,1033,2
disable,870,1
disappeared,872,1
dirty,869,1
discharged,878,1
straight,2773,1
cemented,560,1
college,631,1
destroy,840,1
determine,846,1
disabled,871,1
tick,2917,1
colleague,628,1
chip,592,1
coal,623,1
detox,847,1
choosing,595,1
cheapest,585,1
thick,2902,1
ther,2901,1
difficulty,860,1
strategy,2774,1
chor,596,1
thaught,2899,1
stole,2763,1
stock,2762,1
diffrent,861,1
differs,858,1
thankyou,2897,1
dignified,862,1
dikhte,863,1
city,603,1
differenciate,856,1
chalta,570,1
din,865,1
cleanvolume,613,1
thrilled,2911,1
dhoond,850,1
stem,2756,1
chahiye,567,1
cloud,621,1
stored,2769,1
clubbing,622,1
stood,2765,1
suffers,2811,1
colourful,634,1
surprising,2834,1
supervooc,2827,1
denial,821,1
customisation,761,1
current,754,1
crush,752,1
crucially,751,1
surprise,2832,1
criterion,749,1
crispy,748,1
dekhna,812,1
credit,746,1
denied,822,1
craving,743,1
costlier,731,1
suspicious,2840,1
costing,730,1
sweaty,2842,1
studying,2795,1
customise,762,1
dekh,810,1
tends,2885,1
substantial,2805,1
decenttreble,793,1
sufficient,2813,1
debating,789,1
suck,2809,1
decreasing,797,1
dedicate,798,1
dashed,779,1
substantially,2806,1
subpar,2804,1
cuz,769,1
dark,777,1
suite,2819,1
suited,2820,1
damn,775,1
sumsung,2822,1
defect,804,1
damage5,773,1
definately,807,1
costed,729,1
dependable,824,1
study,2793,1
tdm,2875,1
stretch,2781,1
talked,2866,1
stressful,2780,1
tampered,2868,1
compromising,675,1
tape,2870,1
completes,672,1
taste,2873,1
strength,2778,1
swiftly,2844,1
comparision,662,1
deserves,834,1
comparable,658,1
techno,2880,1
commendable,649,1
comfatble,641,1
combo,638,1
desing,838,1
confortable,685,1
cons1,692,1
structure,2785,1
consideration,694,1
studwnt,2792,1
swipe,2845,1
corrosive,727,1
corrosion,726,1
symptom,2849,1
correct,722,1
syncing,2851,1
dependent,825,1
continue,709,1
contender,707,1
contacted,706,1
struggling,2789,1
t4x,2857,1
struggled,2788,1
structured,2786,1
consume,702,1
constrain,700,1
described,831,1
overloaded,2065,1
ccase,556,1
withstood,3172,1
wave,3131,1
700rs,147,1
7000,146,1
700,145,1
6gb,141,1
64gb,137,1
64,136,1
weird,3141,1
60w,135,1
went,3143,1
6000,134,1
5pro,131,1
599,128,1
518,124,1
50mp,123,1
5000,119,1
whomever,3154,1
wi,3155,1
widely,3156,1
500,118,1
widespread,3158,1
4nm,115,1
49d,110,1
48,108,1
3stars,96,1
3h,93,1
3gb,92,1
watt,3130,1
80w,153,1
8k,158,1
wala,3108,1
visibly,3092,1
aftermath,222,1
affect,218,1
visited,3095,1
adjusted,210,1
addition,205,1
activated,195,1
acting,193,1
volt,3102,1
vpice,3104,1
achhi,189,1
achha,188,1
accountability,184,1
95,163,1
accelerated,176,1
aati,170,1
aap,169,1
aaj,168,1
aac,167,1
waranty,3118,1
warm,3119,1
warned,3120,1
a100,166,1
9ther,165,1
wary,3123,1
98,164,1
wished,3169,1
34⁰,87,1
ahead,227,1
32db,84,1
1480,24,1
youtube,3220,1
1440,23,1
z10,3223,1
12k,17,1
z40,3226,1
12c,16,1
zeno,3228,1
আওয,3231,1
আম,3232,1
ই,3233,1
উজ,3234,1
ক,3235,1
কথ,3236,1
জ,3237,1
জন,3238,1
111v2,9,1
নত,3240,1
প,3241,1
বল,3242,1
ভ,3243,1
ম,3244,1
য,3245,1
1080,5,1
ল,3247,1
105,4,1
সময,3249,1
yielding,3218,1
14k,25,1
yesterday,3216,1
250,63,1
32d,83,1
31,82,1
30k,81,1
2k,74,1
2days,73,1
28,72,1
2700,71,1
27,70,1
worse,3188,1
26th,69,1
256,65,1
worthwhile,3191,1
21,56,1
150,28,1
20k,55,1
2026,54,1
2024,52,1
2000,48,1
1gb,43,1
xclypse,3204,1
18th,40,1
18day,39,1
xm4,3207,1
1700,37,1
ya,3210,1
1500,29,1
agar,223,1
airbud,231,1
timeframe,2922,1
ballpark,379,1
blur,454,1
blocking,450,1
blocked,449,1
treat,2966,1
treated,2967,1
blaze,444,1
trendy,2969,1
blare,442,1
bixby,439,1
bird,437,1
bina,436,1
bilkul,434,1
besutiful,423,1
bekar,419,1
behaviour,417,1
beginner,414,1
began,411,1
beep,410,1
because1,406,1
beat,401,1
bbg,398,1
bazar,397,1
tweak,2988,1
battry,396,1
tweked,2990,1
twitter,2992,1
bassheads,392,1
transportation,2961,1
transperancy,2960,1
boar,456,1
bug,503,1
cautious,554,1
cause,552,1
catch,549,1
titanium,2929,1
cap,535,1
candy,534,1
canal,529,1
toggled,2935,1
camara,525,1
tonal,2937,1
cam,524,1
burning,509,1
torn,2942,1
bof,459,1
btw,495,1
brown,492,1
bro,489,1
brilliant,487,1
brilliance,486,1
towards,2949,1
briefly,483,1
branding,474,1
boot,465,1
transfer,2955,1
transition,2956,1
bollywood,461,1
banger,382,1
typically,2999,1
airpots,235,1
typing,3000,1
appalled,292,1
apni,290,1
urgency,3051,1
anticipated,281,1
answer,279,1
annoyance,276,1
usage2,3056,1
usb,3057,1
announcement,275,1
useable,3059,1
announced,274,1
amongst,268,1
vague,3068,1
valid,3069,1
valorant,3070,1
ambitious,261,1
vanished,3072,1
vapis,3073,1
various,3076,1
alpha,250,1
allowed,244,1
verry,3080,1
versatility,3081,1
aligns,241,1
align,240,1
aka,237,1
victory,3086,1
appalling,293,1
apparent,294,1
appears,298,1
undocked,3019,1
bahut,373,1
uhq,3003,1
backside,368,1
backlog,367,1
backed,365,1
awful,359,1
unanswered,3010,1
avoiding,355,1
unboxed,3014,1
averaging,351,1
underrated,3017,1
auto,343,1
uneasy,3020,1
appreciating,304,1
unexpectedly,3021,1
attaching,333,1
unintentionally,3026,1
astonishment,329,1
astonishing,328,1
assistance,323,1
unlikely,3031,1
unlock,3032,1
artificial,316,1
aroud,313,1
unsolvable,3036,1
appreciation,305,1
basice,389,1
slek,2659,1
starkly,2744,1
karte,1614,1
push,2288,1
ko,1638,1
knowing,1637,1
pw,2291,1
kisi,1634,1
kiko,1630,1
kharid,1624,1
keypad,1623,1
question,2297,1
keeper,1620,1
keen,1618,1
karun,1615,1
quietly,2302,1
quirk,2305,1
kyunki,1644,1
karein,1610,1
raha,2309,1
rahe,2310,1
kaam,1608,1
rain,2312,1
raise,2313,1
justifies,1602,1
jumping,1599,1
jump,1598,1
rank,2319,1
rant,2320,1
jst,1595,1
js1,1594,1
koi,1639,1
purple,2285,1
influence,1504,1
leaf,1680,1
lo,1729,1
literally,1725,1
listener,1722,1
linked,1719,1
lightning,1710,1
lifestyle,1708,1
lied,1705,1
length,1695,1
lena,1694,1
lem,1693,1
leisure,1692,1
legit,1691,1
leathery,1686,1
lcd,1675,1
label,1646,1
layak,1672,1
pros1,2266,1
lavender,1671,1
protective,2268,1
lava,1670,1
prove,2270,1
lately,1664,1
proximity,2274,1
ptron,2275,1
pull,2276,1
lagte,1654,1
lagging,1652,1
punchymids,2280,1
js,1593,1
jiski,1588,1
jate,1583,1
refinement,2382,1
international,1540,1
internally,1539,1
record,2371,1
intense,1535,1
reduce,2373,1
intended,1534,1
reduces,2375,1
intelligent,1533,1
integrated,1531,1
instructed,1528,1
reference,2379,1
referred,2380,1
installing,1524,1
reflects,2383,1
january,1580,1
refrain,2384,1
installed,1523,1
refreshed,2386,1
installation,1522,1
insert,1516,1
insanely,1515,1
inrnow,1513,1
regard,2393,1
inquire,1511,1
register,2395,1
rejected,2398,1
relame,2399,1
relaunched,2400,1
recognized,2366,1
recognition,2365,1
reckless,2364,1
recived,2363,1
jan,1579,1
ratting,2330,1
jaldi,1578,1
jaisa,1577,1
raven,2333,1
iwp,1573,1
itss,1572,1
reaching,2338,1
iteration,1571,1
readily,2340,1
isw,1569,1
issus,1568,1
realise,2343,1
issuing,1567,1
iske,1564,1
ise,1562,1
irrespective,1560,1
reasonably,2351,1
iq,1557,1
ipx,1554,1
receiving,2355,1
ip,1549,1
involves,1547,1
recessed,2359,1
invoice,1546,1
investment,1545,1
invest,1544,1
lodge,1732,1
logistics,1734,1
longest,1737,1
mushy,1927,1
paused,2113,1
net,1961,1
nedd,1951,1
neck,1949,1
peaceful,2120,1
peculiar,2122,1
pehle,2123,1
navigation,1944,1
nature,1943,1
percent,2127,1
narzo,1941,1
nail,1938,1
mutilated,1931,1
persisted,2137,1
placement,2158,1
mostly,1911,1
personalized,2140,1
mony,1908,1
modified,1901,1
moderately,1898,1
mm,1891,1
mix,1889,1
mistakenly,1886,1
mistaken,1885,1
mistake,1884,1
miracle,1879,1
pinch,2155,1
minimalistic,1876,1
nhi,1967,1
pattern,2111,1
nikal,1973,1
niukin,1978,1
outgoing,2055,1
outdoor,2052,1
p3,2073,1
p4,2074,1
opinion,2037,1
onto,2033,1
oneplues,2030,1
oh,2023,1
occured,2014,1
obviously,2011,1
obvious,2010,1
paisa,2087,1
pakadne,2088,1
palette,2089,1
november,2003,1
noted,1995,1
parcel,2096,1
pare,2097,1
nonstop,1989,1
parent,2099,1
paring,2100,1
nonsense,1988,1
nonetheless,1986,1
nokias,1984,1
noice,1980,1
nodding,1979,1
passed,2107,1
mini,1874,1
placing,2159,1
loop,1742,1
magic,1775,1
portable,2197,1
portion,2198,1
manufacturing,1797,1
manufacturer,1796,1
manual,1794,1
manifested,1793,1
potentially,2205,1
practicality,2209,1
praiseworthy,2210,1
manageable,1789,1
man,1787,1
prebooked,2213,1
predicament,2215,1
mag,1774,1
mine,1873,1
luck,1768,1
lte,1767,1
lowering,1766,1
lowered,1765,1
lovely,1760,1
prettygood,2228,1
loudest,1755,1
lottttt,1752,1
loss,1748,1
looting,1745,1
pricing,2234,1
primarily,2235,1
loosing,1744,1
port,2196,1
pords,2195,1
marvelous,1808,1
mast,1811,1
mindful,1872,1
mike,1869,1
plasticy,2163,1
midrange,1866,1
played,2166,1
michael,1860,1
metallic,1855,1
met,1853,1
messaging,1851,1
merely,1847,1
pleased,2172,1
plenty,2174,1
mera,1844,1
plz,2177,1
mention,1842,1
memory,1841,1
member,1840,1
meh,1838,1
pogo,2184,1
medical,1830,1
pointed,2186,1
mechanical,1829,1
measured,1828,1
matt,1818,1
matching,1816,1
poora,2191,1
mat,1814,1
relax,2401,1
release,2403,1
discrepancy,883,1
sillicon,2632,1
expose,1097,1
explicitly,1095,1
explain,1093,1
expiry,1092,1
shxit,2622,1
expertise,1091,1
experimented,1090,1
signal,2625,1
experiencing,1089,1
expecting,1085,1
expectaion,1082,1
expandable,1080,1
expand,1079,1
exists,1078,1
extend,1102,1
exhausted,1077,1
executive,1076,1
exclude,1075,1
exciting,1074,1
exchanged,1073,1
exception,1069,1
excels,1067,1
sincere,2642,1
sirf,2644,1
exacerbated,1060,1
evident,1059,1
situation,2647,1
six,2648,1
exposed,1098,1
extent,1106,1
released,2404,1
shark,2591,1
fhd,1165,1
fewer,1164,1
fellow,1162,1
feeble,1156,1
servicei,2579,1
february,1155,1
feb,1154,1
settled,2583,1
feather,1151,1
fe,1150,1
favourite,1149,1
faster,1143,1
family,1137,1
fake,1134,1
extract,1109,1
sharper,2593,1
fairly,1133,1
failing,1128,1
shine,2597,1
ship,2598,1
shipping,2599,1
shocked,2600,1
factorbass,1125,1
fact,1123,1
facility,1121,1
shopping,2605,1
f55,1117,1
f07,1116,1
sized,2650,1
eventhough,1052,1
estimated,1047,1
draft,912,1
sophisticated,2706,1
earpod,952,1
soundcore,2708,1
earpiece,950,1
early,948,1
earhooks,946,1
eager,939,1
speak,2714,1
duplicate,932,1
special,2718,1
specifically,2721,1
drastically,915,1
draining,914,1
splash,2727,1
essentially,1046,1
downgraded,908,1
spot,2729,1
sprinting,2731,1
docked,900,1
diwali,898,1
dissatisfied,893,1
disrespectful,891,1
stage,2736,1
disposable,889,1
dismal,886,1
standby,2740,1
disinterested,885,1
disillusioned,884,1
sooner,2705,1
echo,960,1
edge,963,1
sometime,2698,1
slapped,2654,1
slate,2655,1
essential,1045,1
sleeping,2658,1
outperforms,2056,1
erratic,1041,1
equlsizer,1038,1
equivalent,1037,1
equipped,1036,1
slipped,2665,1
eqanc,1032,1
ensured,1022,1
slowly,2672,1
enjoyer,1018,1
enhanced,1013,1
enable,997,1
snuggly,2684,1
emi,991,1
emerges,990,1
embedded,989,1
em,987,1
solely,2690,1
elegant,982,1
solve,2693,1
electronic,981,1
elder,980,1
somethings,2697,1
figure,1167,1
september,2573,1
filmsy,1170,1
heated,1382,1
hole,1417,1
hmd,1414,1
highlighting,1408,1
hiding,1404,1
hide,1403,1
hiccup,1401,1
retail,2455,1
heymelody,1399,1
hesitant,1396,1
hereafter,1395,1
helping,1392,1
helped,1390,1
helio,1387,1
heartbreaking,1380,1
haha,1346,1
headset,1375,1
ripple,2468,1
rivera,2469,1
road,2470,1
hath,1369,1
roadside,2472,1
hassle,1368,1
hardly,1366,1
rokerz,2476,1
happening,1359,1
happened,1358,1
rounder,2480,1
routed,2481,1
hoped,1426,1
respectable,2444,1
hopefully,1427,1
hoping,1428,1
inferior,1503,1
infact,1502,1
reliably,2407,1
indifference,1498,1
remaining,2410,1
indicative,1496,1
reminder,2414,1
remove,2415,1
incompetence,1485,1
incoming,1484,1
reopen,2418,1
inbetween,1480,1
impressively,1475,1
immediately,1465,1
imei,1463,1
ihe,1459,1
ignoring,1458,1
ignored,1457,1
ignore,1456,1
ignorance,1455,1
required,2433,1
requirement,2434,1
hurry,1443,1
humming,1442,1
resetting,2439,1
house,1433,1
hot,1431,1
router,2482,1
hadd,1345,1
filtering,1171,1
fluctuation,1208,1
futuristic,1256,1
fundamental,1253,1
fuller,1247,1
screw,2534,1
frequency,1236,1
fraud,1233,1
frankly,1232,1
frame,1231,1
forgotten,1223,1
season,2545,1
sec,2546,1
forever,1220,1
footpath,1214,1
flipkart,1206,1
haath,1344,1
flexible,1203,1
flawlessly,1199,1
select,2559,1
selfie,2560,1
flashy,1194,1
flap,1193,1
fixed,1190,1
fitts,1188,1
firstly,1185,1
firm,1183,1
fire,1182,1
finicky,1179,1
finger,1177,1
g99,1258,1
galti,1260,1
scan,2527,1
scammy,2526,1
grey,1333,1
greater,1331,1
rupee,2490,1
graphic,1326,1
grandparent,1325,1
gpu,1322,1
s20,2494,1
googleone,1317,1
s25,2497,1
good4,1315,1
golden,1312,1
sabhi,2500,1
sabse,2501,1
sacrifice,2502,1
glowing,1306,1
glossy,1304,1
gimmic,1291,1
salnotes,2509,1
gifting,1290,1
ghz,1287,1
generic,1279,1
generation,1278,1
gemini,1274,1
saved,2520,1
saw,2521,1
sbi,2524,1
scam,2525,1
ಬಹಳ,3250,1
